-- MySQL dump 10.16  Distrib 10.1.43-MariaDB, for debian-linux-gnu (x86_64)
--
-- Host: localhost    Database: Twitter
-- ------------------------------------------------------
-- Server version	10.1.43-MariaDB-0ubuntu0.18.04.1

/*!40101 SET @OLD_CHARACTER_SET_CLIENT=@@CHARACTER_SET_CLIENT */;
/*!40101 SET @OLD_CHARACTER_SET_RESULTS=@@CHARACTER_SET_RESULTS */;
/*!40101 SET @OLD_COLLATION_CONNECTION=@@COLLATION_CONNECTION */;
/*!40101 SET NAMES utf8mb4 */;
/*!40103 SET @OLD_TIME_ZONE=@@TIME_ZONE */;
/*!40103 SET TIME_ZONE='+00:00' */;
/*!40014 SET @OLD_UNIQUE_CHECKS=@@UNIQUE_CHECKS, UNIQUE_CHECKS=0 */;
/*!40014 SET @OLD_FOREIGN_KEY_CHECKS=@@FOREIGN_KEY_CHECKS, FOREIGN_KEY_CHECKS=0 */;
/*!40101 SET @OLD_SQL_MODE=@@SQL_MODE, SQL_MODE='NO_AUTO_VALUE_ON_ZERO' */;
/*!40111 SET @OLD_SQL_NOTES=@@SQL_NOTES, SQL_NOTES=0 */;

--
-- Table structure for table `FOLLOW`
--

DROP TABLE IF EXISTS `FOLLOW`;
/*!40101 SET @saved_cs_client     = @@character_set_client */;
/*!40101 SET character_set_client = utf8 */;
CREATE TABLE `FOLLOW` (
  `FOLLOWER` varchar(50) NOT NULL,
  `FOLLOWING` varchar(50) NOT NULL,
  PRIMARY KEY (`FOLLOWER`,`FOLLOWING`),
  KEY `FOLLOWING` (`FOLLOWING`),
  CONSTRAINT `FOLLOW_ibfk_1` FOREIGN KEY (`FOLLOWER`) REFERENCES `USERS` (`USERNAME`) ON DELETE CASCADE ON UPDATE CASCADE,
  CONSTRAINT `FOLLOW_ibfk_2` FOREIGN KEY (`FOLLOWING`) REFERENCES `USERS` (`USERNAME`) ON DELETE CASCADE ON UPDATE CASCADE
) ENGINE=InnoDB DEFAULT CHARSET=utf8mb4;
/*!40101 SET character_set_client = @saved_cs_client */;

--
-- Dumping data for table `FOLLOW`
--

LOCK TABLES `FOLLOW` WRITE;
/*!40000 ALTER TABLE `FOLLOW` DISABLE KEYS */;
INSERT INTO `FOLLOW` VALUES ('1','2'),('1','3'),('2','1');
/*!40000 ALTER TABLE `FOLLOW` ENABLE KEYS */;
UNLOCK TABLES;

--
-- Table structure for table `REGISTRATION`
--

DROP TABLE IF EXISTS `REGISTRATION`;
/*!40101 SET @saved_cs_client     = @@character_set_client */;
/*!40101 SET character_set_client = utf8 */;
CREATE TABLE `REGISTRATION` (
  `EMAIL` varchar(50) NOT NULL,
  `USERNAME` varchar(50) DEFAULT NULL,
  `PASSWORD` varchar(50) NOT NULL,
  PRIMARY KEY (`EMAIL`),
  UNIQUE KEY `USERNAME` (`USERNAME`),
  CONSTRAINT `REGISTRATION_ibfk_1` FOREIGN KEY (`USERNAME`) REFERENCES `USERS` (`USERNAME`) ON DELETE CASCADE ON UPDATE CASCADE
) ENGINE=InnoDB DEFAULT CHARSET=utf8mb4;
/*!40101 SET character_set_client = @saved_cs_client */;

--
-- Dumping data for table `REGISTRATION`
--

LOCK TABLES `REGISTRATION` WRITE;
/*!40000 ALTER TABLE `REGISTRATION` DISABLE KEYS */;
INSERT INTO `REGISTRATION` VALUES ('1@1.com','1','c4ca4238a0b923820dcc509a6f75849b'),('2@2.com','2','c81e728d9d4c2f636f067f89cc14862c'),('3@3.com','3','eccbc87e4b5ce2fe28308fd9f2a7baf3'),('kapil7398kg@gmail.com','kapil7398','275bb6ba63088e3e25408ba60d6d11d8');
/*!40000 ALTER TABLE `REGISTRATION` ENABLE KEYS */;
UNLOCK TABLES;

--
-- Table structure for table `TWEETCONTENTS`
--

DROP TABLE IF EXISTS `TWEETCONTENTS`;
/*!40101 SET @saved_cs_client     = @@character_set_client */;
/*!40101 SET character_set_client = utf8 */;
CREATE TABLE `TWEETCONTENTS` (
  `TWEETID` int(11) NOT NULL AUTO_INCREMENT,
  `USERNAME` varchar(50) NOT NULL,
  `TWEETCONTENT` varchar(250) NOT NULL,
  `TWEETTIME` timestamp NOT NULL DEFAULT CURRENT_TIMESTAMP,
  PRIMARY KEY (`TWEETID`),
  KEY `USERNAME` (`USERNAME`),
  CONSTRAINT `TWEETCONTENTS_ibfk_1` FOREIGN KEY (`USERNAME`) REFERENCES `USERS` (`USERNAME`) ON DELETE CASCADE ON UPDATE CASCADE
) ENGINE=InnoDB AUTO_INCREMENT=13 DEFAULT CHARSET=utf8mb4;
/*!40101 SET character_set_client = @saved_cs_client */;

--
-- Dumping data for table `TWEETCONTENTS`
--

LOCK TABLES `TWEETCONTENTS` WRITE;
/*!40000 ALTER TABLE `TWEETCONTENTS` DISABLE KEYS */;
INSERT INTO `TWEETCONTENTS` VALUES (8,'1','1 ka tweet\r\n','2019-11-23 18:24:12'),(9,'2','2 ka tweet','2019-11-23 18:24:33'),(10,'2','2 ka 2 tweet','2019-11-23 18:26:55'),(11,'3','3 ka tweet','2019-11-23 18:51:52'),(12,'1','1 KA 2 TWEET','2019-11-23 19:51:55');
/*!40000 ALTER TABLE `TWEETCONTENTS` ENABLE KEYS */;
UNLOCK TABLES;

--
-- Table structure for table `TWEETS`
--

DROP TABLE IF EXISTS `TWEETS`;
/*!40101 SET @saved_cs_client     = @@character_set_client */;
/*!40101 SET character_set_client = utf8 */;
CREATE TABLE `TWEETS` (
  `TWEETID` int(11) NOT NULL,
  `USERNAME` varchar(50) NOT NULL,
  `TIMESTAMP_R` timestamp NOT NULL DEFAULT CURRENT_TIMESTAMP,
  PRIMARY KEY (`TWEETID`,`USERNAME`),
  KEY `USERNAME` (`USERNAME`),
  CONSTRAINT `TWEETS_ibfk_1` FOREIGN KEY (`TWEETID`) REFERENCES `TWEETCONTENTS` (`TWEETID`) ON DELETE CASCADE ON UPDATE CASCADE,
  CONSTRAINT `TWEETS_ibfk_2` FOREIGN KEY (`USERNAME`) REFERENCES `USERS` (`USERNAME`) ON DELETE CASCADE ON UPDATE CASCADE
) ENGINE=InnoDB DEFAULT CHARSET=utf8mb4;
/*!40101 SET character_set_client = @saved_cs_client */;

--
-- Dumping data for table `TWEETS`
--

LOCK TABLES `TWEETS` WRITE;
/*!40000 ALTER TABLE `TWEETS` DISABLE KEYS */;
INSERT INTO `TWEETS` VALUES (10,'1','2019-11-23 19:35:41'),(10,'2','2019-11-23 18:33:42'),(11,'1','2019-11-23 19:35:27'),(11,'2','2019-11-23 19:39:05'),(11,'3','2019-11-23 18:51:53'),(12,'1','2019-11-23 19:51:55');
/*!40000 ALTER TABLE `TWEETS` ENABLE KEYS */;
UNLOCK TABLES;

--
-- Table structure for table `USERS`
--

DROP TABLE IF EXISTS `USERS`;
/*!40101 SET @saved_cs_client     = @@character_set_client */;
/*!40101 SET character_set_client = utf8 */;
CREATE TABLE `USERS` (
  `USERNAME` varchar(50) NOT NULL,
  `NAME` varchar(50) NOT NULL,
  `GENDER` char(1) NOT NULL,
  `BIO` varchar(150) DEFAULT NULL,
  PRIMARY KEY (`USERNAME`)
) ENGINE=InnoDB DEFAULT CHARSET=utf8mb4;
/*!40101 SET character_set_client = @saved_cs_client */;

--
-- Dumping data for table `USERS`
--

LOCK TABLES `USERS` WRITE;
/*!40000 ALTER TABLE `USERS` DISABLE KEYS */;
INSERT INTO `USERS` VALUES ('1','1','M','1'),('2','2','F','2'),('3','3','M','3'),('kapil7398','KAPIL GYANCHANDANI','M','LEARNER');
/*!40000 ALTER TABLE `USERS` ENABLE KEYS */;
UNLOCK TABLES;
/*!40103 SET TIME_ZONE=@OLD_TIME_ZONE */;

/*!40101 SET SQL_MODE=@OLD_SQL_MODE */;
/*!40014 SET FOREIGN_KEY_CHECKS=@OLD_FOREIGN_KEY_CHECKS */;
/*!40014 SET UNIQUE_CHECKS=@OLD_UNIQUE_CHECKS */;
/*!40101 SET CHARACTER_SET_CLIENT=@OLD_CHARACTER_SET_CLIENT */;
/*!40101 SET CHARACTER_SET_RESULTS=@OLD_CHARACTER_SET_RESULTS */;
/*!40101 SET COLLATION_CONNECTION=@OLD_COLLATION_CONNECTION */;
/*!40111 SET SQL_NOTES=@OLD_SQL_NOTES */;

-- Dump completed on 2019-11-24 13:07:41
